district,population,area_km2
Central and Western,243266,12.44
Wan Chai,166695,9.83
Eastern,529603,18.56
Southern,269200,38.85
Yau Tsim Mong,307120,6.99
Sham Shui Po,405869,9.35
Kowloon City,410618,10.02
Wong Tai Sin,420183,9.30
Kwun Tong,668606,11.27
Kwai Tsing,495798,23.34
Tsuen Wan,303637,61.71
Tuen Mun,495560,82.89
Yuen Long,668080,138.46
North,304500,136.61
Tai Po,303926,136.15
Sha Tin,692806,68.71
Sai Kung,489037,129.65
Islands,186200,175.12
